상위품번,상위품명,하위품번,하위품명,분류,수량,단위,재질,공급업체,비고
WIDE-ROOT,넓은조립품,WIDE-C01,넓은-자식01,구조부품,1,EA,SS400,A사,
WIDE-ROOT,넓은조립품,WIDE-C02,넓은-자식02,가공부품,2,EA,AL6061,B사,
WIDE-ROOT,넓은조립품,WIDE-C03,넓은-자식03,가공부품,1,EA,SUS304,C사,
WIDE-ROOT,넓은조립품,WIDE-C04,넓은-자식04,기계부품,3,EA,S45C,A사,
WIDE-ROOT,넓은조립품,WIDE-C05,넓은-자식05,주조부품,1,EA,FC250,D사,
WIDE-ROOT,넓은조립품,WIDE-C06,넓은-자식06,구조부품,2,EA,SS400,A사,
WIDE-ROOT,넓은조립품,WIDE-C07,넓은-자식07,가공부품,1,EA,AL7075,B사,
WIDE-ROOT,넓은조립품,WIDE-C08,넓은-자식08,기계부품,4,EA,SCM440,E사,
WIDE-ROOT,넓은조립품,WIDE-C09,넓은-자식09,가공부품,1,EA,SUS316,C사,
WIDE-ROOT,넓은조립품,WIDE-C10,넓은-자식10,구조부품,2,EA,SS400,A사,
WIDE-ROOT,넓은조립품,WIDE-C11,넓은-자식11,가공부품,1,EA,AL6061,B사,
WIDE-ROOT,넓은조립품,WIDE-C12,넓은-자식12,기계부품,6,EA,S45C,E사,
WIDE-ROOT,넓은조립품,WIDE-C13,넓은-자식13,주조부품,1,EA,FC300,D사,
WIDE-ROOT,넓은조립품,WIDE-C14,넓은-자식14,가공부품,2,EA,SUS304,C사,
WIDE-ROOT,넓은조립품,WIDE-C15,넓은-자식15,기계부품,1,EA,SCM420,E사,
WIDE-ROOT,넓은조립품,WIDE-C16,넓은-자식16,구조부품,3,EA,SS400,A사,
WIDE-ROOT,넓은조립품,WIDE-C17,넓은-자식17,가공부품,1,EA,AL5052,B사,
WIDE-ROOT,넓은조립품,WIDE-C18,넓은-자식18,기계부품,2,EA,S45C,E사,
WIDE-ROOT,넓은조립품,WIDE-C19,넓은-자식19,가공부품,1,EA,SUS304,C사,
WIDE-ROOT,넓은조립품,WIDE-C20,넓은-자식20,구조부품,4,EA,SS400,A사,
WIDE-ROOT,넓은조립품,WIDE-C21,넓은-자식21,고무부품,1,EA,NBR,F사,
WIDE-ROOT,넓은조립품,WIDE-C22,넓은-자식22,고무부품,2,EA,CR,F사,
WIDE-ROOT,넓은조립품,WIDE-C23,넓은-자식23,주조부품,1,EA,FC250,D사,
WIDE-ROOT,넓은조립품,WIDE-C24,넓은-자식24,가공부품,8,EA,SUS304,C사,
WIDE-ROOT,넓은조립품,WIDE-C25,넓은-자식25,가공부품,1,EA,AL6061,B사,
WIDE-ROOT,넓은조립품,공용볼트M10,공용 볼트 M10,체결부품,12,EA,SCM435,G사,
WIDE-ROOT,넓은조립품,공용와셔M10,공용 와셔 M10,체결부품,12,EA,SUS304,G사,
WIDE-ROOT,넓은조립품,공용너트M10,공용 너트 M10,체결부품,12,EA,S45C,G사,
DEEP-L0,깊은-레벨0,DEEP-L1,깊은-레벨1,조립품,1,EA,,,
DEEP-L1,깊은-레벨1,DEEP-L2,깊은-레벨2,조립품,1,EA,,,
DEEP-L2,깊은-레벨2,DEEP-L3,깊은-레벨3,조립품,2,EA,,,
DEEP-L3,깊은-레벨3,DEEP-L4,깊은-레벨4,조립품,1,EA,,,
DEEP-L4,깊은-레벨4,DEEP-L5,깊은-레벨5,조립품,3,EA,,,
DEEP-L5,깊은-레벨5,DEEP-L6,깊은-레벨6,조립품,1,EA,,,
DEEP-L6,깊은-레벨6,DEEP-L7,깊은-레벨7(말단),구조부품,1,EA,SS400,A사,최하위
DEEP-L3,깊은-레벨3,DEEP-L3-B,깊은-레벨3-분기,조립품,1,EA,,,L3에서 분기
DEEP-L3-B,깊은-레벨3-분기,DEEP-L4-B,깊은-레벨4-분기,조립품,2,EA,,,분기 하위
DEEP-L4-B,깊은-레벨4-분기,공용볼트M10,공용 볼트 M10,체결부품,4,EA,SCM435,G사,깊은곳에서도 공용부품
SHARED-P1,공유부모1,공용볼트M10,공용 볼트 M10,체결부품,8,EA,SCM435,G사,
SHARED-P1,공유부모1,공용와셔M10,공용 와셔 M10,체결부품,8,EA,SUS304,G사,
SHARED-P1,공유부모1,공용너트M10,공용 너트 M10,체결부품,8,EA,S45C,G사,
SHARED-P1,공유부모1,SHARED-P1-C1,공유부모1-자식1,가공부품,1,EA,AL6061,B사,
SHARED-P2,공유부모2,공용볼트M10,공용 볼트 M10,체결부품,4,EA,SCM435,G사,
SHARED-P2,공유부모2,공용와셔M10,공용 와셔 M10,체결부품,4,EA,SUS304,G사,
SHARED-P2,공유부모2,공용너트M10,공용 너트 M10,체결부품,4,EA,S45C,G사,
SHARED-P2,공유부모2,SHARED-P2-C1,공유부모2-자식1,구조부품,2,EA,SS400,A사,
SHARED-P3,공유부모3,공용볼트M10,공용 볼트 M10,체결부품,6,EA,SCM435,G사,
SHARED-P3,공유부모3,공용와셔M10,공용 와셔 M10,체결부품,6,EA,SUS304,G사,
SHARED-P3,공유부모3,공용너트M10,공용 너트 M10,체결부품,6,EA,S45C,G사,
SHARED-P4,공유부모4,공용볼트M10,공용 볼트 M10,체결부품,10,EA,SCM435,G사,
SHARED-P4,공유부모4,공용와셔M10,공용 와셔 M10,체결부품,10,EA,SUS304,G사,
SHARED-P5,공유부모5,공용볼트M10,공용 볼트 M10,체결부품,2,EA,SCM435,G사,
DIAMOND-TOP,다이아-상위,DIAMOND-LEFT,다이아-좌측,조립품,1,EA,,,
DIAMOND-TOP,다이아-상위,DIAMOND-RIGHT,다이아-우측,조립품,1,EA,,,
DIAMOND-LEFT,다이아-좌측,DIAMOND-BOTTOM,다이아-하위(공유),가공부품,2,EA,AL6061,B사,좌측에서 참조
DIAMOND-RIGHT,다이아-우측,DIAMOND-BOTTOM,다이아-하위(공유),가공부품,3,EA,AL6061,B사,우측에서도 참조
DIAMOND-BOTTOM,다이아-하위(공유),공용볼트M10,공용 볼트 M10,체결부품,4,EA,SCM435,G사,다이아에서도 공용
SOLO-PARENT,단독부모,SOLO-LEAF1,단독말단1,구조부품,1,EA,SS400,A사,하위 없음
SOLO-PARENT,단독부모,SOLO-LEAF2,단독말단2,가공부품,1,EA,AL6061,B사,하위 없음
MIXED-ROOT,복합조립품,MIXED-SUB-A,복합-서브A,조립품,1,EA,,,서브트리
MIXED-ROOT,복합조립품,MIXED-SUB-B,복합-서브B,조립품,1,EA,,,서브트리
MIXED-ROOT,복합조립품,MIXED-LEAF1,복합-말단1,가공부품,2,EA,SUS304,C사,
MIXED-ROOT,복합조립품,MIXED-LEAF2,복합-말단2,구조부품,1,EA,SS400,A사,
MIXED-ROOT,복합조립품,공용볼트M10,공용 볼트 M10,체결부품,6,EA,SCM435,G사,
MIXED-SUB-A,복합-서브A,MIXED-A-C1,복합A-자식1,가공부품,3,EA,AL6061,B사,
MIXED-SUB-A,복합-서브A,MIXED-A-C2,복합A-자식2,기계부품,1,EA,S45C,E사,
MIXED-SUB-A,복합-서브A,공용와셔M10,공용 와셔 M10,체결부품,6,EA,SUS304,G사,
MIXED-SUB-B,복합-서브B,MIXED-B-C1,복합B-자식1,주조부품,2,EA,FC250,D사,
MIXED-SUB-B,복합-서브B,DIAMOND-BOTTOM,다이아-하위(공유),가공부품,1,EA,AL6061,B사,다이아 부품 재사용
MIXED-SUB-B,복합-서브B,공용너트M10,공용 너트 M10,체결부품,4,EA,S45C,G사,
